[
  {
    "id": "1740843681699",
    "email": "2567889036@qq.com",
    "futureDate": "2025-03-15T00:00:00.000Z",
    "subject": "见过",
    "message": "监管机构",
    "sent": false
  },
  {
    "id": "1740844051939",
    "email": "2567889036@qq.com",
    "futureDate": "2025-03-16T00:00:00.000Z",
    "subject": "月黑风高",
    "message": "熔沸点",
    "sent": false
  },
  {
    "id": "1740846761235",
    "email": "3244989574@qq.com",
    "futureDate": "2025-03-01T16:33:41.173Z",
    "subject": "时光邮局API测试",
    "message": "这是一封测试信件，通过API发送。发送时间: 2025/3/2 00:32:41",
    "sent": true
  },
  {
    "id": "1740847329723",
    "email": "3244989574@qq.com",
    "futureDate": "2025-03-02T00:00:00.000Z",
    "subject": "ss",
    "message": "sss",
    "sent": false
  },
  {
    "id": "1740847528938",
    "email": "2567889036@qq.com",
    "futureDate": "2025-03-02T00:00:00.000Z",
    "subject": "666",
    "message": "666",
    "sent": false
  },
  {
    "id": "1740847579031",
    "email": "3244989574@qq.com",
    "futureDate": "2025-03-02T00:00:00.000Z",
    "subject": "ds",
    "message": "sa",
    "sent": false
  },
  {
    "id": "1740847719364",
    "email": "2567889036@qq.com",
    "futureDate": "2025-03-01T16:48:39.361Z",
    "subject": "dfsds",
    "message": "sdsd",
    "sent": true
  }
]